"","Estimators","Depth","Minimum Sample Size","Mean Accuracy"
"12500",6,1,1,0.796474
"12501",6,1,2,0.796474
"12502",6,1,3,0.796474
"12503",6,1,4,0.796474
"12504",6,1,5,0.796474
"12505",6,1,6,0.796474
"12506",6,1,7,0.796474
"12507",6,1,8,0.796474
"12508",6,1,9,0.796474
"12509",6,1,10,0.796474
"12510",6,1,11,0.796474
"12511",6,1,12,0.796474
"12512",6,1,13,0.796474
"12513",6,1,14,0.796474
"12514",6,1,15,0.796474
"12515",6,1,16,0.796474
"12516",6,1,17,0.796474
"12517",6,1,18,0.796474
"12518",6,1,19,0.796474
"12519",6,1,20,0.796474
"12520",6,1,21,0.796474
"12521",6,1,22,0.796474
"12522",6,1,23,0.796474
"12523",6,1,24,0.796474
"12524",6,1,25,0.796474
"12525",6,1,26,0.796474
"12526",6,1,27,0.796474
"12527",6,1,28,0.796474
"12528",6,1,29,0.796474
"12529",6,1,30,0.796474
"12530",6,1,31,0.796474
"12531",6,1,32,0.796474
"12532",6,1,33,0.796474
"12533",6,1,34,0.796474
"12534",6,1,35,0.796474
"12535",6,1,36,0.796474
"12536",6,1,37,0.796474
"12537",6,1,38,0.796474
"12538",6,1,39,0.796474
"12539",6,1,40,0.796474
"12540",6,1,41,0.796474
"12541",6,1,42,0.796474
"12542",6,1,43,0.796474
"12543",6,1,44,0.796474
"12544",6,1,45,0.796474
"12545",6,1,46,0.796474
"12546",6,1,47,0.796474
"12547",6,1,48,0.796474
"12548",6,1,49,0.796474
"12549",6,1,50,0.796474
"12550",6,2,1,0.796474
"12551",6,2,2,0.796474
"12552",6,2,3,0.796474
"12553",6,2,4,0.796474
"12554",6,2,5,0.796474
"12555",6,2,6,0.796474
"12556",6,2,7,0.796474
"12557",6,2,8,0.796474
"12558",6,2,9,0.796474
"12559",6,2,10,0.796474
"12560",6,2,11,0.796474
"12561",6,2,12,0.796474
"12562",6,2,13,0.796474
"12563",6,2,14,0.796474
"12564",6,2,15,0.796474
"12565",6,2,16,0.796474
"12566",6,2,17,0.796474
"12567",6,2,18,0.796474
"12568",6,2,19,0.796474
"12569",6,2,20,0.796474
"12570",6,2,21,0.796474
"12571",6,2,22,0.796474
"12572",6,2,23,0.796474
"12573",6,2,24,0.796474
"12574",6,2,25,0.796474
"12575",6,2,26,0.796474
"12576",6,2,27,0.796474
"12577",6,2,28,0.796474
"12578",6,2,29,0.796474
"12579",6,2,30,0.796474
"12580",6,2,31,0.796474
"12581",6,2,32,0.796474
"12582",6,2,33,0.796474
"12583",6,2,34,0.796474
"12584",6,2,35,0.796474
"12585",6,2,36,0.796474
"12586",6,2,37,0.796474
"12587",6,2,38,0.796474
"12588",6,2,39,0.796474
"12589",6,2,40,0.796474
"12590",6,2,41,0.796474
"12591",6,2,42,0.796474
"12592",6,2,43,0.796474
"12593",6,2,44,0.796474
"12594",6,2,45,0.796474
"12595",6,2,46,0.796474
"12596",6,2,47,0.796474
"12597",6,2,48,0.796474
"12598",6,2,49,0.796474
"12599",6,2,50,0.796474
"12600",6,3,1,0.796474
"12601",6,3,2,0.796474
"12602",6,3,3,0.796474
"12603",6,3,4,0.796474
"12604",6,3,5,0.796474
"12605",6,3,6,0.796474
"12606",6,3,7,0.796474
"12607",6,3,8,0.796474
"12608",6,3,9,0.796474
"12609",6,3,10,0.796474
"12610",6,3,11,0.796474
"12611",6,3,12,0.796474
"12612",6,3,13,0.796474
"12613",6,3,14,0.796474
"12614",6,3,15,0.796474
"12615",6,3,16,0.796474
"12616",6,3,17,0.796474
"12617",6,3,18,0.796474
"12618",6,3,19,0.796474
"12619",6,3,20,0.796474
"12620",6,3,21,0.796474
"12621",6,3,22,0.796474
"12622",6,3,23,0.796474
"12623",6,3,24,0.796474
"12624",6,3,25,0.796474
"12625",6,3,26,0.796474
"12626",6,3,27,0.796474
"12627",6,3,28,0.796474
"12628",6,3,29,0.796474
"12629",6,3,30,0.796474
"12630",6,3,31,0.796474
"12631",6,3,32,0.796474
"12632",6,3,33,0.796474
"12633",6,3,34,0.796474
"12634",6,3,35,0.796474
"12635",6,3,36,0.796474
"12636",6,3,37,0.796474
"12637",6,3,38,0.796474
"12638",6,3,39,0.796474
"12639",6,3,40,0.796474
"12640",6,3,41,0.796474
"12641",6,3,42,0.796474
"12642",6,3,43,0.796474
"12643",6,3,44,0.796474
"12644",6,3,45,0.796474
"12645",6,3,46,0.796474
"12646",6,3,47,0.796474
"12647",6,3,48,0.796474
"12648",6,3,49,0.796474
"12649",6,3,50,0.796474
"12650",6,4,1,0.796474
"12651",6,4,2,0.796474
"12652",6,4,3,0.796474
"12653",6,4,4,0.796474
"12654",6,4,5,0.796474
"12655",6,4,6,0.796474
"12656",6,4,7,0.796474
"12657",6,4,8,0.796474
"12658",6,4,9,0.796474
"12659",6,4,10,0.796474
"12660",6,4,11,0.796474
"12661",6,4,12,0.796474
"12662",6,4,13,0.796474
"12663",6,4,14,0.796474
"12664",6,4,15,0.796474
"12665",6,4,16,0.796474
"12666",6,4,17,0.796474
"12667",6,4,18,0.796474
"12668",6,4,19,0.796474
"12669",6,4,20,0.796474
"12670",6,4,21,0.796474
"12671",6,4,22,0.796474
"12672",6,4,23,0.796474
"12673",6,4,24,0.796474
"12674",6,4,25,0.796474
"12675",6,4,26,0.796474
"12676",6,4,27,0.796474
"12677",6,4,28,0.796474
"12678",6,4,29,0.796474
"12679",6,4,30,0.796474
"12680",6,4,31,0.796474
"12681",6,4,32,0.796474
"12682",6,4,33,0.796474
"12683",6,4,34,0.796474
"12684",6,4,35,0.796474
"12685",6,4,36,0.796474
"12686",6,4,37,0.796474
"12687",6,4,38,0.796474
"12688",6,4,39,0.796474
"12689",6,4,40,0.796474
"12690",6,4,41,0.796474
"12691",6,4,42,0.796474
"12692",6,4,43,0.796474
"12693",6,4,44,0.796474
"12694",6,4,45,0.796474
"12695",6,4,46,0.796474
"12696",6,4,47,0.796474
"12697",6,4,48,0.796474
"12698",6,4,49,0.796474
"12699",6,4,50,0.796474
"12700",6,5,1,0.796474
"12701",6,5,2,0.796474
"12702",6,5,3,0.796474
"12703",6,5,4,0.796474
"12704",6,5,5,0.796474
"12705",6,5,6,0.796474
"12706",6,5,7,0.796474
"12707",6,5,8,0.796474
"12708",6,5,9,0.796474
"12709",6,5,10,0.796474
"12710",6,5,11,0.796474
"12711",6,5,12,0.796474
"12712",6,5,13,0.796474
"12713",6,5,14,0.796474
"12714",6,5,15,0.796474
"12715",6,5,16,0.796474
"12716",6,5,17,0.796474
"12717",6,5,18,0.796474
"12718",6,5,19,0.796474
"12719",6,5,20,0.796474
"12720",6,5,21,0.796474
"12721",6,5,22,0.796474
"12722",6,5,23,0.796474
"12723",6,5,24,0.796474
"12724",6,5,25,0.796474
"12725",6,5,26,0.796474
"12726",6,5,27,0.796474
"12727",6,5,28,0.796474
"12728",6,5,29,0.796474
"12729",6,5,30,0.796474
"12730",6,5,31,0.796474
"12731",6,5,32,0.796474
"12732",6,5,33,0.796474
"12733",6,5,34,0.796474
"12734",6,5,35,0.796474
"12735",6,5,36,0.796474
"12736",6,5,37,0.796474
"12737",6,5,38,0.796474
"12738",6,5,39,0.796474
"12739",6,5,40,0.796474
"12740",6,5,41,0.796474
"12741",6,5,42,0.796474
"12742",6,5,43,0.796474
"12743",6,5,44,0.796474
"12744",6,5,45,0.796474
"12745",6,5,46,0.796474
"12746",6,5,47,0.796474
"12747",6,5,48,0.796474
"12748",6,5,49,0.796474
"12749",6,5,50,0.796474
"12750",6,6,1,0.796474
"12751",6,6,2,0.796474
"12752",6,6,3,0.796474
"12753",6,6,4,0.796474
"12754",6,6,5,0.796474
"12755",6,6,6,0.796474
"12756",6,6,7,0.796474
"12757",6,6,8,0.796474
"12758",6,6,9,0.796474
"12759",6,6,10,0.796474
"12760",6,6,11,0.796474
"12761",6,6,12,0.796474
"12762",6,6,13,0.796474
"12763",6,6,14,0.796474
"12764",6,6,15,0.796474
"12765",6,6,16,0.796474
"12766",6,6,17,0.796474
"12767",6,6,18,0.796474
"12768",6,6,19,0.796474
"12769",6,6,20,0.796474
"12770",6,6,21,0.796474
"12771",6,6,22,0.796474
"12772",6,6,23,0.796474
"12773",6,6,24,0.796474
"12774",6,6,25,0.796474
"12775",6,6,26,0.796474
"12776",6,6,27,0.796474
"12777",6,6,28,0.796474
"12778",6,6,29,0.796474
"12779",6,6,30,0.796474
"12780",6,6,31,0.796474
"12781",6,6,32,0.796474
"12782",6,6,33,0.796474
"12783",6,6,34,0.796474
"12784",6,6,35,0.796474
"12785",6,6,36,0.796474
"12786",6,6,37,0.796474
"12787",6,6,38,0.796474
"12788",6,6,39,0.796474
"12789",6,6,40,0.796474
"12790",6,6,41,0.796474
"12791",6,6,42,0.796474
"12792",6,6,43,0.796474
"12793",6,6,44,0.796474
"12794",6,6,45,0.796474
"12795",6,6,46,0.796474
"12796",6,6,47,0.796474
"12797",6,6,48,0.796474
"12798",6,6,49,0.796474
"12799",6,6,50,0.796474
"12800",6,7,1,0.796474
"12801",6,7,2,0.796474
"12802",6,7,3,0.796474
"12803",6,7,4,0.796474
"12804",6,7,5,0.796474
"12805",6,7,6,0.796474
"12806",6,7,7,0.796474
"12807",6,7,8,0.796474
"12808",6,7,9,0.796474
"12809",6,7,10,0.796474
"12810",6,7,11,0.796474
"12811",6,7,12,0.796474
"12812",6,7,13,0.796474
"12813",6,7,14,0.796474
"12814",6,7,15,0.796474
"12815",6,7,16,0.796474
"12816",6,7,17,0.796474
"12817",6,7,18,0.796474
"12818",6,7,19,0.796474
"12819",6,7,20,0.796474
"12820",6,7,21,0.796474
"12821",6,7,22,0.796474
"12822",6,7,23,0.796474
"12823",6,7,24,0.796474
"12824",6,7,25,0.796474
"12825",6,7,26,0.796474
"12826",6,7,27,0.796474
"12827",6,7,28,0.796474
"12828",6,7,29,0.796474
"12829",6,7,30,0.796474
"12830",6,7,31,0.796474
"12831",6,7,32,0.796474
"12832",6,7,33,0.796474
"12833",6,7,34,0.796474
"12834",6,7,35,0.796474
"12835",6,7,36,0.796474
"12836",6,7,37,0.796474
"12837",6,7,38,0.796474
"12838",6,7,39,0.796474
"12839",6,7,40,0.796474
"12840",6,7,41,0.796474
"12841",6,7,42,0.796474
"12842",6,7,43,0.796474
"12843",6,7,44,0.796474
"12844",6,7,45,0.796474
"12845",6,7,46,0.796474
"12846",6,7,47,0.796474
"12847",6,7,48,0.796474
"12848",6,7,49,0.796474
"12849",6,7,50,0.796474
"12850",6,8,1,0.796474
"12851",6,8,2,0.796474
"12852",6,8,3,0.796474
"12853",6,8,4,0.796474
"12854",6,8,5,0.796474
"12855",6,8,6,0.796474
"12856",6,8,7,0.796474
"12857",6,8,8,0.796474
"12858",6,8,9,0.796474
"12859",6,8,10,0.796474
"12860",6,8,11,0.796474
"12861",6,8,12,0.796474
"12862",6,8,13,0.796474
"12863",6,8,14,0.796474
"12864",6,8,15,0.796474
"12865",6,8,16,0.796474
"12866",6,8,17,0.796474
"12867",6,8,18,0.796474
"12868",6,8,19,0.796474
"12869",6,8,20,0.796474
"12870",6,8,21,0.796474
"12871",6,8,22,0.796474
"12872",6,8,23,0.796474
"12873",6,8,24,0.796474
"12874",6,8,25,0.796474
"12875",6,8,26,0.796474
"12876",6,8,27,0.796474
"12877",6,8,28,0.796474
"12878",6,8,29,0.796474
"12879",6,8,30,0.796474
"12880",6,8,31,0.796474
"12881",6,8,32,0.796474
"12882",6,8,33,0.796474
"12883",6,8,34,0.796474
"12884",6,8,35,0.796474
"12885",6,8,36,0.796474
"12886",6,8,37,0.796474
"12887",6,8,38,0.796474
"12888",6,8,39,0.796474
"12889",6,8,40,0.796474
"12890",6,8,41,0.796474
"12891",6,8,42,0.796474
"12892",6,8,43,0.796474
"12893",6,8,44,0.796474
"12894",6,8,45,0.796474
"12895",6,8,46,0.796474
"12896",6,8,47,0.796474
"12897",6,8,48,0.796474
"12898",6,8,49,0.796474
"12899",6,8,50,0.796474
"12900",6,9,1,0.796474
"12901",6,9,2,0.796474
"12902",6,9,3,0.796474
"12903",6,9,4,0.796474
"12904",6,9,5,0.796474
"12905",6,9,6,0.796474
"12906",6,9,7,0.796474
"12907",6,9,8,0.796474
"12908",6,9,9,0.796474
"12909",6,9,10,0.796474
"12910",6,9,11,0.796474
"12911",6,9,12,0.796474
"12912",6,9,13,0.796474
"12913",6,9,14,0.796474
"12914",6,9,15,0.796474
"12915",6,9,16,0.796474
"12916",6,9,17,0.796474
"12917",6,9,18,0.796474
"12918",6,9,19,0.796474
"12919",6,9,20,0.796474
"12920",6,9,21,0.796474
"12921",6,9,22,0.796474
"12922",6,9,23,0.796474
"12923",6,9,24,0.796474
"12924",6,9,25,0.796474
"12925",6,9,26,0.796474
"12926",6,9,27,0.796474
"12927",6,9,28,0.796474
"12928",6,9,29,0.796474
"12929",6,9,30,0.796474
"12930",6,9,31,0.796474
"12931",6,9,32,0.796474
"12932",6,9,33,0.796474
"12933",6,9,34,0.796474
"12934",6,9,35,0.796474
"12935",6,9,36,0.796474
"12936",6,9,37,0.796474
"12937",6,9,38,0.796474
"12938",6,9,39,0.796474
"12939",6,9,40,0.796474
"12940",6,9,41,0.796474
"12941",6,9,42,0.796474
"12942",6,9,43,0.796474
"12943",6,9,44,0.796474
"12944",6,9,45,0.796474
"12945",6,9,46,0.796474
"12946",6,9,47,0.796474
"12947",6,9,48,0.796474
"12948",6,9,49,0.796474
"12949",6,9,50,0.796474
"12950",6,10,1,0.796474
"12951",6,10,2,0.796474
"12952",6,10,3,0.796474
"12953",6,10,4,0.796474
"12954",6,10,5,0.796474
"12955",6,10,6,0.796474
"12956",6,10,7,0.796474
"12957",6,10,8,0.796474
"12958",6,10,9,0.796474
"12959",6,10,10,0.796474
"12960",6,10,11,0.796474
"12961",6,10,12,0.796474
"12962",6,10,13,0.796474
"12963",6,10,14,0.796474
"12964",6,10,15,0.796474
"12965",6,10,16,0.796474
"12966",6,10,17,0.796474
"12967",6,10,18,0.796474
"12968",6,10,19,0.796474
"12969",6,10,20,0.796474
"12970",6,10,21,0.796474
"12971",6,10,22,0.796474
"12972",6,10,23,0.796474
"12973",6,10,24,0.796474
"12974",6,10,25,0.796474
"12975",6,10,26,0.796474
"12976",6,10,27,0.796474
"12977",6,10,28,0.796474
"12978",6,10,29,0.796474
"12979",6,10,30,0.796474
"12980",6,10,31,0.796474
"12981",6,10,32,0.796474
"12982",6,10,33,0.796474
"12983",6,10,34,0.796474
"12984",6,10,35,0.796474
"12985",6,10,36,0.796474
"12986",6,10,37,0.796474
"12987",6,10,38,0.796474
"12988",6,10,39,0.796474
"12989",6,10,40,0.796474
"12990",6,10,41,0.796474
"12991",6,10,42,0.796474
"12992",6,10,43,0.796474
"12993",6,10,44,0.796474
"12994",6,10,45,0.796474
"12995",6,10,46,0.796474
"12996",6,10,47,0.796474
"12997",6,10,48,0.796474
"12998",6,10,49,0.796474
"12999",6,10,50,0.796474
"13000",6,11,1,0.796474
"13001",6,11,2,0.796474
"13002",6,11,3,0.796474
"13003",6,11,4,0.796474
"13004",6,11,5,0.796474
"13005",6,11,6,0.796474
"13006",6,11,7,0.796474
"13007",6,11,8,0.796474
"13008",6,11,9,0.796474
"13009",6,11,10,0.796474
"13010",6,11,11,0.796474
"13011",6,11,12,0.796474
"13012",6,11,13,0.796474
"13013",6,11,14,0.796474
"13014",6,11,15,0.796474
"13015",6,11,16,0.796474
"13016",6,11,17,0.796474
"13017",6,11,18,0.796474
"13018",6,11,19,0.796474
"13019",6,11,20,0.796474
"13020",6,11,21,0.796474
"13021",6,11,22,0.796474
"13022",6,11,23,0.796474
"13023",6,11,24,0.796474
"13024",6,11,25,0.796474
"13025",6,11,26,0.796474
"13026",6,11,27,0.796474
"13027",6,11,28,0.796474
"13028",6,11,29,0.796474
"13029",6,11,30,0.796474
"13030",6,11,31,0.796474
"13031",6,11,32,0.796474
"13032",6,11,33,0.796474
"13033",6,11,34,0.796474
"13034",6,11,35,0.796474
"13035",6,11,36,0.796474
"13036",6,11,37,0.796474
"13037",6,11,38,0.796474
"13038",6,11,39,0.796474
"13039",6,11,40,0.796474
"13040",6,11,41,0.796474
"13041",6,11,42,0.796474
"13042",6,11,43,0.796474
"13043",6,11,44,0.796474
"13044",6,11,45,0.796474
"13045",6,11,46,0.796474
"13046",6,11,47,0.796474
"13047",6,11,48,0.796474
"13048",6,11,49,0.796474
"13049",6,11,50,0.796474
"13050",6,12,1,0.796474
"13051",6,12,2,0.796474
"13052",6,12,3,0.796474
"13053",6,12,4,0.796474
"13054",6,12,5,0.796474
"13055",6,12,6,0.796474
"13056",6,12,7,0.796474
"13057",6,12,8,0.796474
"13058",6,12,9,0.796474
"13059",6,12,10,0.796474
"13060",6,12,11,0.796474
"13061",6,12,12,0.796474
"13062",6,12,13,0.796474
"13063",6,12,14,0.796474
"13064",6,12,15,0.796474
"13065",6,12,16,0.796474
"13066",6,12,17,0.796474
"13067",6,12,18,0.796474
"13068",6,12,19,0.796474
"13069",6,12,20,0.796474
"13070",6,12,21,0.796474
"13071",6,12,22,0.796474
"13072",6,12,23,0.796474
"13073",6,12,24,0.796474
"13074",6,12,25,0.796474
"13075",6,12,26,0.796474
"13076",6,12,27,0.796474
"13077",6,12,28,0.796474
"13078",6,12,29,0.796474
"13079",6,12,30,0.796474
"13080",6,12,31,0.796474
"13081",6,12,32,0.796474
"13082",6,12,33,0.796474
"13083",6,12,34,0.796474
"13084",6,12,35,0.796474
"13085",6,12,36,0.796474
"13086",6,12,37,0.796474
"13087",6,12,38,0.796474
"13088",6,12,39,0.796474
"13089",6,12,40,0.796474
"13090",6,12,41,0.796474
"13091",6,12,42,0.796474
"13092",6,12,43,0.796474
"13093",6,12,44,0.796474
"13094",6,12,45,0.796474
"13095",6,12,46,0.796474
"13096",6,12,47,0.796474
"13097",6,12,48,0.796474
"13098",6,12,49,0.796474
"13099",6,12,50,0.796474
"13100",6,13,1,0.796474
"13101",6,13,2,0.796474
"13102",6,13,3,0.796474
"13103",6,13,4,0.796474
"13104",6,13,5,0.796474
"13105",6,13,6,0.796474
"13106",6,13,7,0.796474
"13107",6,13,8,0.796474
"13108",6,13,9,0.796474
"13109",6,13,10,0.796474
"13110",6,13,11,0.796474
"13111",6,13,12,0.796474
"13112",6,13,13,0.796474
"13113",6,13,14,0.796474
"13114",6,13,15,0.796474
"13115",6,13,16,0.796474
"13116",6,13,17,0.796474
"13117",6,13,18,0.796474
"13118",6,13,19,0.796474
"13119",6,13,20,0.796474
"13120",6,13,21,0.796474
"13121",6,13,22,0.796474
"13122",6,13,23,0.796474
"13123",6,13,24,0.796474
"13124",6,13,25,0.796474
"13125",6,13,26,0.796474
"13126",6,13,27,0.796474
"13127",6,13,28,0.796474
"13128",6,13,29,0.796474
"13129",6,13,30,0.796474
"13130",6,13,31,0.796474
"13131",6,13,32,0.796474
"13132",6,13,33,0.796474
"13133",6,13,34,0.796474
"13134",6,13,35,0.796474
"13135",6,13,36,0.796474
"13136",6,13,37,0.796474
"13137",6,13,38,0.796474
"13138",6,13,39,0.796474
"13139",6,13,40,0.796474
"13140",6,13,41,0.796474
"13141",6,13,42,0.796474
"13142",6,13,43,0.796474
"13143",6,13,44,0.796474
"13144",6,13,45,0.796474
"13145",6,13,46,0.796474
"13146",6,13,47,0.796474
"13147",6,13,48,0.796474
"13148",6,13,49,0.796474
"13149",6,13,50,0.796474
"13150",6,14,1,0.796474
"13151",6,14,2,0.796474
"13152",6,14,3,0.796474
"13153",6,14,4,0.796474
"13154",6,14,5,0.796474
"13155",6,14,6,0.796474
"13156",6,14,7,0.796474
"13157",6,14,8,0.796474
"13158",6,14,9,0.796474
"13159",6,14,10,0.796474
"13160",6,14,11,0.796474
"13161",6,14,12,0.796474
"13162",6,14,13,0.796474
"13163",6,14,14,0.796474
"13164",6,14,15,0.796474
"13165",6,14,16,0.796474
"13166",6,14,17,0.796474
"13167",6,14,18,0.796474
"13168",6,14,19,0.796474
"13169",6,14,20,0.796474
"13170",6,14,21,0.796474
"13171",6,14,22,0.796474
"13172",6,14,23,0.796474
"13173",6,14,24,0.796474
"13174",6,14,25,0.796474
"13175",6,14,26,0.796474
"13176",6,14,27,0.796474
"13177",6,14,28,0.796474
"13178",6,14,29,0.796474
"13179",6,14,30,0.796474
"13180",6,14,31,0.796474
"13181",6,14,32,0.796474
"13182",6,14,33,0.796474
"13183",6,14,34,0.796474
"13184",6,14,35,0.796474
"13185",6,14,36,0.796474
"13186",6,14,37,0.796474
"13187",6,14,38,0.796474
"13188",6,14,39,0.796474
"13189",6,14,40,0.796474
"13190",6,14,41,0.796474
"13191",6,14,42,0.796474
"13192",6,14,43,0.796474
"13193",6,14,44,0.796474
"13194",6,14,45,0.796474
"13195",6,14,46,0.796474
"13196",6,14,47,0.796474
"13197",6,14,48,0.796474
"13198",6,14,49,0.796474
"13199",6,14,50,0.796474
"13200",6,15,1,0.796474
"13201",6,15,2,0.796474
"13202",6,15,3,0.796474
"13203",6,15,4,0.796474
"13204",6,15,5,0.796474
"13205",6,15,6,0.796474
"13206",6,15,7,0.796474
"13207",6,15,8,0.796474
"13208",6,15,9,0.796474
"13209",6,15,10,0.796474
"13210",6,15,11,0.796474
"13211",6,15,12,0.796474
"13212",6,15,13,0.796474
"13213",6,15,14,0.796474
"13214",6,15,15,0.796474
"13215",6,15,16,0.796474
"13216",6,15,17,0.796474
"13217",6,15,18,0.796474
"13218",6,15,19,0.796474
"13219",6,15,20,0.796474
"13220",6,15,21,0.796474
"13221",6,15,22,0.796474
"13222",6,15,23,0.796474
"13223",6,15,24,0.796474
"13224",6,15,25,0.796474
"13225",6,15,26,0.796474
"13226",6,15,27,0.796474
"13227",6,15,28,0.796474
"13228",6,15,29,0.796474
"13229",6,15,30,0.796474
"13230",6,15,31,0.796474
"13231",6,15,32,0.796474
"13232",6,15,33,0.796474
"13233",6,15,34,0.796474
"13234",6,15,35,0.796474
"13235",6,15,36,0.796474
"13236",6,15,37,0.796474
"13237",6,15,38,0.796474
"13238",6,15,39,0.796474
"13239",6,15,40,0.796474
"13240",6,15,41,0.796474
"13241",6,15,42,0.796474
"13242",6,15,43,0.796474
"13243",6,15,44,0.796474
"13244",6,15,45,0.796474
"13245",6,15,46,0.796474
"13246",6,15,47,0.796474
"13247",6,15,48,0.796474
"13248",6,15,49,0.796474
"13249",6,15,50,0.796474
"13250",6,16,1,0.796474
"13251",6,16,2,0.796474
"13252",6,16,3,0.796474
"13253",6,16,4,0.796474
"13254",6,16,5,0.796474
"13255",6,16,6,0.796474
"13256",6,16,7,0.796474
"13257",6,16,8,0.796474
"13258",6,16,9,0.796474
"13259",6,16,10,0.796474
"13260",6,16,11,0.796474
"13261",6,16,12,0.796474
"13262",6,16,13,0.796474
"13263",6,16,14,0.796474
"13264",6,16,15,0.796474
"13265",6,16,16,0.796474
"13266",6,16,17,0.796474
"13267",6,16,18,0.796474
"13268",6,16,19,0.796474
"13269",6,16,20,0.796474
"13270",6,16,21,0.796474
"13271",6,16,22,0.796474
"13272",6,16,23,0.796474
"13273",6,16,24,0.796474
"13274",6,16,25,0.796474
"13275",6,16,26,0.796474
"13276",6,16,27,0.796474
"13277",6,16,28,0.796474
"13278",6,16,29,0.796474
"13279",6,16,30,0.796474
"13280",6,16,31,0.796474
"13281",6,16,32,0.796474
"13282",6,16,33,0.796474
"13283",6,16,34,0.796474
"13284",6,16,35,0.796474
"13285",6,16,36,0.796474
"13286",6,16,37,0.796474
"13287",6,16,38,0.796474
"13288",6,16,39,0.796474
"13289",6,16,40,0.796474
"13290",6,16,41,0.796474
"13291",6,16,42,0.796474
"13292",6,16,43,0.796474
"13293",6,16,44,0.796474
"13294",6,16,45,0.796474
"13295",6,16,46,0.796474
"13296",6,16,47,0.796474
"13297",6,16,48,0.796474
"13298",6,16,49,0.796474
"13299",6,16,50,0.796474
"13300",6,17,1,0.796474
"13301",6,17,2,0.796474
"13302",6,17,3,0.796474
"13303",6,17,4,0.796474
"13304",6,17,5,0.796474
"13305",6,17,6,0.796474
"13306",6,17,7,0.796474
"13307",6,17,8,0.796474
"13308",6,17,9,0.796474
"13309",6,17,10,0.796474
"13310",6,17,11,0.796474
"13311",6,17,12,0.796474
"13312",6,17,13,0.796474
"13313",6,17,14,0.796474
"13314",6,17,15,0.796474
"13315",6,17,16,0.796474
"13316",6,17,17,0.796474
"13317",6,17,18,0.796474
"13318",6,17,19,0.796474
"13319",6,17,20,0.796474
"13320",6,17,21,0.796474
"13321",6,17,22,0.796474
"13322",6,17,23,0.796474
"13323",6,17,24,0.796474
"13324",6,17,25,0.796474
"13325",6,17,26,0.796474
"13326",6,17,27,0.796474
"13327",6,17,28,0.796474
"13328",6,17,29,0.796474
"13329",6,17,30,0.796474
"13330",6,17,31,0.796474
"13331",6,17,32,0.796474
"13332",6,17,33,0.796474
"13333",6,17,34,0.796474
"13334",6,17,35,0.796474
"13335",6,17,36,0.796474
"13336",6,17,37,0.796474
"13337",6,17,38,0.796474
"13338",6,17,39,0.796474
"13339",6,17,40,0.796474
"13340",6,17,41,0.796474
"13341",6,17,42,0.796474
"13342",6,17,43,0.796474
"13343",6,17,44,0.796474
"13344",6,17,45,0.796474
"13345",6,17,46,0.796474
"13346",6,17,47,0.796474
"13347",6,17,48,0.796474
"13348",6,17,49,0.796474
"13349",6,17,50,0.796474
"13350",6,18,1,0.796474
"13351",6,18,2,0.796474
"13352",6,18,3,0.796474
"13353",6,18,4,0.796474
"13354",6,18,5,0.796474
"13355",6,18,6,0.796474
"13356",6,18,7,0.796474
"13357",6,18,8,0.796474
"13358",6,18,9,0.796474
"13359",6,18,10,0.796474
"13360",6,18,11,0.796474
"13361",6,18,12,0.796474
"13362",6,18,13,0.796474
"13363",6,18,14,0.796474
"13364",6,18,15,0.796474
"13365",6,18,16,0.796474
"13366",6,18,17,0.796474
"13367",6,18,18,0.796474
"13368",6,18,19,0.796474
"13369",6,18,20,0.796474
"13370",6,18,21,0.796474
"13371",6,18,22,0.796474
"13372",6,18,23,0.796474
"13373",6,18,24,0.796474
"13374",6,18,25,0.796474
"13375",6,18,26,0.796474
"13376",6,18,27,0.796474
"13377",6,18,28,0.796474
"13378",6,18,29,0.796474
"13379",6,18,30,0.796474
"13380",6,18,31,0.796474
"13381",6,18,32,0.796474
"13382",6,18,33,0.796474
"13383",6,18,34,0.796474
"13384",6,18,35,0.796474
"13385",6,18,36,0.796474
"13386",6,18,37,0.796474
"13387",6,18,38,0.796474
"13388",6,18,39,0.796474
"13389",6,18,40,0.796474
"13390",6,18,41,0.796474
"13391",6,18,42,0.796474
"13392",6,18,43,0.796474
"13393",6,18,44,0.796474
"13394",6,18,45,0.796474
"13395",6,18,46,0.796474
"13396",6,18,47,0.796474
"13397",6,18,48,0.796474
"13398",6,18,49,0.796474
"13399",6,18,50,0.796474
"13400",6,19,1,0.796474
"13401",6,19,2,0.796474
"13402",6,19,3,0.796474
"13403",6,19,4,0.796474
"13404",6,19,5,0.796474
"13405",6,19,6,0.796474
"13406",6,19,7,0.796474
"13407",6,19,8,0.796474
"13408",6,19,9,0.796474
"13409",6,19,10,0.796474
"13410",6,19,11,0.796474
"13411",6,19,12,0.796474
"13412",6,19,13,0.796474
"13413",6,19,14,0.796474
"13414",6,19,15,0.796474
"13415",6,19,16,0.796474
"13416",6,19,17,0.796474
"13417",6,19,18,0.796474
"13418",6,19,19,0.796474
"13419",6,19,20,0.796474
"13420",6,19,21,0.796474
"13421",6,19,22,0.796474
"13422",6,19,23,0.796474
"13423",6,19,24,0.796474
"13424",6,19,25,0.796474
"13425",6,19,26,0.796474
"13426",6,19,27,0.796474
"13427",6,19,28,0.796474
"13428",6,19,29,0.796474
"13429",6,19,30,0.796474
"13430",6,19,31,0.796474
"13431",6,19,32,0.796474
"13432",6,19,33,0.796474
"13433",6,19,34,0.796474
"13434",6,19,35,0.796474
"13435",6,19,36,0.796474
"13436",6,19,37,0.796474
"13437",6,19,38,0.796474
"13438",6,19,39,0.796474
"13439",6,19,40,0.796474
"13440",6,19,41,0.796474
"13441",6,19,42,0.796474
"13442",6,19,43,0.796474
"13443",6,19,44,0.796474
"13444",6,19,45,0.796474
"13445",6,19,46,0.796474
"13446",6,19,47,0.796474
"13447",6,19,48,0.796474
"13448",6,19,49,0.796474
"13449",6,19,50,0.796474
"13450",6,20,1,0.796474
"13451",6,20,2,0.796474
"13452",6,20,3,0.796474
"13453",6,20,4,0.796474
"13454",6,20,5,0.796474
"13455",6,20,6,0.796474
"13456",6,20,7,0.796474
"13457",6,20,8,0.796474
"13458",6,20,9,0.796474
"13459",6,20,10,0.796474
"13460",6,20,11,0.796474
"13461",6,20,12,0.796474
"13462",6,20,13,0.796474
"13463",6,20,14,0.796474
"13464",6,20,15,0.796474
"13465",6,20,16,0.796474
"13466",6,20,17,0.796474
"13467",6,20,18,0.796474
"13468",6,20,19,0.796474
"13469",6,20,20,0.796474
"13470",6,20,21,0.796474
"13471",6,20,22,0.796474
"13472",6,20,23,0.796474
"13473",6,20,24,0.796474
"13474",6,20,25,0.796474
"13475",6,20,26,0.796474
"13476",6,20,27,0.796474
"13477",6,20,28,0.796474
"13478",6,20,29,0.796474
"13479",6,20,30,0.796474
"13480",6,20,31,0.796474
"13481",6,20,32,0.796474
"13482",6,20,33,0.796474
"13483",6,20,34,0.796474
"13484",6,20,35,0.796474
"13485",6,20,36,0.796474
"13486",6,20,37,0.796474
"13487",6,20,38,0.796474
"13488",6,20,39,0.796474
"13489",6,20,40,0.796474
"13490",6,20,41,0.796474
"13491",6,20,42,0.796474
"13492",6,20,43,0.796474
"13493",6,20,44,0.796474
"13494",6,20,45,0.796474
"13495",6,20,46,0.796474
"13496",6,20,47,0.796474
"13497",6,20,48,0.796474
"13498",6,20,49,0.796474
"13499",6,20,50,0.796474
"13500",6,21,1,0.796474
"13501",6,21,2,0.796474
"13502",6,21,3,0.796474
"13503",6,21,4,0.796474
"13504",6,21,5,0.796474
"13505",6,21,6,0.796474
"13506",6,21,7,0.796474
"13507",6,21,8,0.796474
"13508",6,21,9,0.796474
"13509",6,21,10,0.796474
"13510",6,21,11,0.796474
"13511",6,21,12,0.796474
"13512",6,21,13,0.796474
"13513",6,21,14,0.796474
"13514",6,21,15,0.796474
"13515",6,21,16,0.796474
"13516",6,21,17,0.796474
"13517",6,21,18,0.796474
"13518",6,21,19,0.796474
"13519",6,21,20,0.796474
"13520",6,21,21,0.796474
"13521",6,21,22,0.796474
"13522",6,21,23,0.796474
"13523",6,21,24,0.796474
"13524",6,21,25,0.796474
"13525",6,21,26,0.796474
"13526",6,21,27,0.796474
"13527",6,21,28,0.796474
"13528",6,21,29,0.796474
"13529",6,21,30,0.796474
"13530",6,21,31,0.796474
"13531",6,21,32,0.796474
"13532",6,21,33,0.796474
"13533",6,21,34,0.796474
"13534",6,21,35,0.796474
"13535",6,21,36,0.796474
"13536",6,21,37,0.796474
"13537",6,21,38,0.796474
"13538",6,21,39,0.796474
"13539",6,21,40,0.796474
"13540",6,21,41,0.796474
"13541",6,21,42,0.796474
"13542",6,21,43,0.796474
"13543",6,21,44,0.796474
"13544",6,21,45,0.796474
"13545",6,21,46,0.796474
"13546",6,21,47,0.796474
"13547",6,21,48,0.796474
"13548",6,21,49,0.796474
"13549",6,21,50,0.796474
"13550",6,22,1,0.796474
"13551",6,22,2,0.796474
"13552",6,22,3,0.796474
"13553",6,22,4,0.796474
"13554",6,22,5,0.796474
"13555",6,22,6,0.796474
"13556",6,22,7,0.796474
"13557",6,22,8,0.796474
"13558",6,22,9,0.796474
"13559",6,22,10,0.796474
"13560",6,22,11,0.796474
"13561",6,22,12,0.796474
"13562",6,22,13,0.796474
"13563",6,22,14,0.796474
"13564",6,22,15,0.796474
"13565",6,22,16,0.796474
"13566",6,22,17,0.796474
"13567",6,22,18,0.796474
"13568",6,22,19,0.796474
"13569",6,22,20,0.796474
"13570",6,22,21,0.796474
"13571",6,22,22,0.796474
"13572",6,22,23,0.796474
"13573",6,22,24,0.796474
"13574",6,22,25,0.796474
"13575",6,22,26,0.796474
"13576",6,22,27,0.796474
"13577",6,22,28,0.796474
"13578",6,22,29,0.796474
"13579",6,22,30,0.796474
"13580",6,22,31,0.796474
"13581",6,22,32,0.796474
"13582",6,22,33,0.796474
"13583",6,22,34,0.796474
"13584",6,22,35,0.796474
"13585",6,22,36,0.796474
"13586",6,22,37,0.796474
"13587",6,22,38,0.796474
"13588",6,22,39,0.796474
"13589",6,22,40,0.796474
"13590",6,22,41,0.796474
"13591",6,22,42,0.796474
"13592",6,22,43,0.796474
"13593",6,22,44,0.796474
"13594",6,22,45,0.796474
"13595",6,22,46,0.796474
"13596",6,22,47,0.796474
"13597",6,22,48,0.796474
"13598",6,22,49,0.796474
"13599",6,22,50,0.796474
"13600",6,23,1,0.796474
"13601",6,23,2,0.796474
"13602",6,23,3,0.796474
"13603",6,23,4,0.796474
"13604",6,23,5,0.796474
"13605",6,23,6,0.796474
"13606",6,23,7,0.796474
"13607",6,23,8,0.796474
"13608",6,23,9,0.796474
"13609",6,23,10,0.796474
"13610",6,23,11,0.796474
"13611",6,23,12,0.796474
"13612",6,23,13,0.796474
"13613",6,23,14,0.796474
"13614",6,23,15,0.796474
"13615",6,23,16,0.796474
"13616",6,23,17,0.796474
"13617",6,23,18,0.796474
"13618",6,23,19,0.796474
"13619",6,23,20,0.796474
"13620",6,23,21,0.796474
"13621",6,23,22,0.796474
"13622",6,23,23,0.796474
"13623",6,23,24,0.796474
"13624",6,23,25,0.796474
"13625",6,23,26,0.796474
"13626",6,23,27,0.796474
"13627",6,23,28,0.796474
"13628",6,23,29,0.796474
"13629",6,23,30,0.796474
"13630",6,23,31,0.796474
"13631",6,23,32,0.796474
"13632",6,23,33,0.796474
"13633",6,23,34,0.796474
"13634",6,23,35,0.796474
"13635",6,23,36,0.796474
"13636",6,23,37,0.796474
"13637",6,23,38,0.796474
"13638",6,23,39,0.796474
"13639",6,23,40,0.796474
"13640",6,23,41,0.796474
"13641",6,23,42,0.796474
"13642",6,23,43,0.796474
"13643",6,23,44,0.796474
"13644",6,23,45,0.796474
"13645",6,23,46,0.796474
"13646",6,23,47,0.796474
"13647",6,23,48,0.796474
"13648",6,23,49,0.796474
"13649",6,23,50,0.796474
"13650",6,24,1,0.796474
"13651",6,24,2,0.796474
"13652",6,24,3,0.796474
"13653",6,24,4,0.796474
"13654",6,24,5,0.796474
"13655",6,24,6,0.796474
"13656",6,24,7,0.796474
"13657",6,24,8,0.796474
"13658",6,24,9,0.796474
"13659",6,24,10,0.796474
"13660",6,24,11,0.796474
"13661",6,24,12,0.796474
"13662",6,24,13,0.796474
"13663",6,24,14,0.796474
"13664",6,24,15,0.796474
"13665",6,24,16,0.796474
"13666",6,24,17,0.796474
"13667",6,24,18,0.796474
"13668",6,24,19,0.796474
"13669",6,24,20,0.796474
"13670",6,24,21,0.796474
"13671",6,24,22,0.796474
"13672",6,24,23,0.796474
"13673",6,24,24,0.796474
"13674",6,24,25,0.796474
"13675",6,24,26,0.796474
"13676",6,24,27,0.796474
"13677",6,24,28,0.796474
"13678",6,24,29,0.796474
"13679",6,24,30,0.796474
"13680",6,24,31,0.796474
"13681",6,24,32,0.796474
"13682",6,24,33,0.796474
"13683",6,24,34,0.796474
"13684",6,24,35,0.796474
"13685",6,24,36,0.796474
"13686",6,24,37,0.796474
"13687",6,24,38,0.796474
"13688",6,24,39,0.796474
"13689",6,24,40,0.796474
"13690",6,24,41,0.796474
"13691",6,24,42,0.796474
"13692",6,24,43,0.796474
"13693",6,24,44,0.796474
"13694",6,24,45,0.796474
"13695",6,24,46,0.796474
"13696",6,24,47,0.796474
"13697",6,24,48,0.796474
"13698",6,24,49,0.796474
"13699",6,24,50,0.796474
"13700",6,25,1,0.796474
"13701",6,25,2,0.796474
"13702",6,25,3,0.796474
"13703",6,25,4,0.796474
"13704",6,25,5,0.796474
"13705",6,25,6,0.796474
"13706",6,25,7,0.796474
"13707",6,25,8,0.796474
"13708",6,25,9,0.796474
"13709",6,25,10,0.796474
"13710",6,25,11,0.796474
"13711",6,25,12,0.796474
"13712",6,25,13,0.796474
"13713",6,25,14,0.796474
"13714",6,25,15,0.796474
"13715",6,25,16,0.796474
"13716",6,25,17,0.796474
"13717",6,25,18,0.796474
"13718",6,25,19,0.796474
"13719",6,25,20,0.796474
"13720",6,25,21,0.796474
"13721",6,25,22,0.796474
"13722",6,25,23,0.796474
"13723",6,25,24,0.796474
"13724",6,25,25,0.796474
"13725",6,25,26,0.796474
"13726",6,25,27,0.796474
"13727",6,25,28,0.796474
"13728",6,25,29,0.796474
"13729",6,25,30,0.796474
"13730",6,25,31,0.796474
"13731",6,25,32,0.796474
"13732",6,25,33,0.796474
"13733",6,25,34,0.796474
"13734",6,25,35,0.796474
"13735",6,25,36,0.796474
"13736",6,25,37,0.796474
"13737",6,25,38,0.796474
"13738",6,25,39,0.796474
"13739",6,25,40,0.796474
"13740",6,25,41,0.796474
"13741",6,25,42,0.796474
"13742",6,25,43,0.796474
"13743",6,25,44,0.796474
"13744",6,25,45,0.796474
"13745",6,25,46,0.796474
"13746",6,25,47,0.796474
"13747",6,25,48,0.796474
"13748",6,25,49,0.796474
"13749",6,25,50,0.796474
"13750",6,26,1,0.796474
"13751",6,26,2,0.796474
"13752",6,26,3,0.796474
"13753",6,26,4,0.796474
"13754",6,26,5,0.796474
"13755",6,26,6,0.796474
"13756",6,26,7,0.796474
"13757",6,26,8,0.796474
"13758",6,26,9,0.796474
"13759",6,26,10,0.796474
"13760",6,26,11,0.796474
"13761",6,26,12,0.796474
"13762",6,26,13,0.796474
"13763",6,26,14,0.796474
"13764",6,26,15,0.796474
"13765",6,26,16,0.796474
"13766",6,26,17,0.796474
"13767",6,26,18,0.796474
"13768",6,26,19,0.796474
"13769",6,26,20,0.796474
"13770",6,26,21,0.796474
"13771",6,26,22,0.796474
"13772",6,26,23,0.796474
"13773",6,26,24,0.796474
"13774",6,26,25,0.796474
"13775",6,26,26,0.796474
"13776",6,26,27,0.796474
"13777",6,26,28,0.796474
"13778",6,26,29,0.796474
"13779",6,26,30,0.796474
"13780",6,26,31,0.796474
"13781",6,26,32,0.796474
"13782",6,26,33,0.796474
"13783",6,26,34,0.796474
"13784",6,26,35,0.796474
"13785",6,26,36,0.796474
"13786",6,26,37,0.796474
"13787",6,26,38,0.796474
"13788",6,26,39,0.796474
"13789",6,26,40,0.796474
"13790",6,26,41,0.796474
"13791",6,26,42,0.796474
"13792",6,26,43,0.796474
"13793",6,26,44,0.796474
"13794",6,26,45,0.796474
"13795",6,26,46,0.796474
"13796",6,26,47,0.796474
"13797",6,26,48,0.796474
"13798",6,26,49,0.796474
"13799",6,26,50,0.796474
"13800",6,27,1,0.796474
"13801",6,27,2,0.796474
"13802",6,27,3,0.796474
"13803",6,27,4,0.796474
"13804",6,27,5,0.796474
"13805",6,27,6,0.796474
"13806",6,27,7,0.796474
"13807",6,27,8,0.796474
"13808",6,27,9,0.796474
"13809",6,27,10,0.796474
"13810",6,27,11,0.796474
"13811",6,27,12,0.796474
"13812",6,27,13,0.796474
"13813",6,27,14,0.796474
"13814",6,27,15,0.796474
"13815",6,27,16,0.796474
"13816",6,27,17,0.796474
"13817",6,27,18,0.796474
"13818",6,27,19,0.796474
"13819",6,27,20,0.796474
"13820",6,27,21,0.796474
"13821",6,27,22,0.796474
"13822",6,27,23,0.796474
"13823",6,27,24,0.796474
"13824",6,27,25,0.796474
"13825",6,27,26,0.796474
"13826",6,27,27,0.796474
"13827",6,27,28,0.796474
"13828",6,27,29,0.796474
"13829",6,27,30,0.796474
"13830",6,27,31,0.796474
"13831",6,27,32,0.796474
"13832",6,27,33,0.796474
"13833",6,27,34,0.796474
"13834",6,27,35,0.796474
"13835",6,27,36,0.796474
"13836",6,27,37,0.796474
"13837",6,27,38,0.796474
"13838",6,27,39,0.796474
"13839",6,27,40,0.796474
"13840",6,27,41,0.796474
"13841",6,27,42,0.796474
"13842",6,27,43,0.796474
"13843",6,27,44,0.796474
"13844",6,27,45,0.796474
"13845",6,27,46,0.796474
"13846",6,27,47,0.796474
"13847",6,27,48,0.796474
"13848",6,27,49,0.796474
"13849",6,27,50,0.796474
"13850",6,28,1,0.796474
"13851",6,28,2,0.796474
"13852",6,28,3,0.796474
"13853",6,28,4,0.796474
"13854",6,28,5,0.796474
"13855",6,28,6,0.796474
"13856",6,28,7,0.796474
"13857",6,28,8,0.796474
"13858",6,28,9,0.796474
"13859",6,28,10,0.796474
"13860",6,28,11,0.796474
"13861",6,28,12,0.796474
"13862",6,28,13,0.796474
"13863",6,28,14,0.796474
"13864",6,28,15,0.796474
"13865",6,28,16,0.796474
"13866",6,28,17,0.796474
"13867",6,28,18,0.796474
"13868",6,28,19,0.796474
"13869",6,28,20,0.796474
"13870",6,28,21,0.796474
"13871",6,28,22,0.796474
"13872",6,28,23,0.796474
"13873",6,28,24,0.796474
"13874",6,28,25,0.796474
"13875",6,28,26,0.796474
"13876",6,28,27,0.796474
"13877",6,28,28,0.796474
"13878",6,28,29,0.796474
"13879",6,28,30,0.796474
"13880",6,28,31,0.796474
"13881",6,28,32,0.796474
"13882",6,28,33,0.796474
"13883",6,28,34,0.796474
"13884",6,28,35,0.796474
"13885",6,28,36,0.796474
"13886",6,28,37,0.796474
"13887",6,28,38,0.796474
"13888",6,28,39,0.796474
"13889",6,28,40,0.796474
"13890",6,28,41,0.796474
"13891",6,28,42,0.796474
"13892",6,28,43,0.796474
"13893",6,28,44,0.796474
"13894",6,28,45,0.796474
"13895",6,28,46,0.796474
"13896",6,28,47,0.796474
"13897",6,28,48,0.796474
"13898",6,28,49,0.796474
"13899",6,28,50,0.796474
"13900",6,29,1,0.796474
"13901",6,29,2,0.796474
"13902",6,29,3,0.796474
"13903",6,29,4,0.796474
"13904",6,29,5,0.796474
"13905",6,29,6,0.796474
"13906",6,29,7,0.796474
"13907",6,29,8,0.796474
"13908",6,29,9,0.796474
"13909",6,29,10,0.796474
"13910",6,29,11,0.796474
"13911",6,29,12,0.796474
"13912",6,29,13,0.796474
"13913",6,29,14,0.796474
"13914",6,29,15,0.796474
"13915",6,29,16,0.796474
"13916",6,29,17,0.796474
"13917",6,29,18,0.796474
"13918",6,29,19,0.796474
"13919",6,29,20,0.796474
"13920",6,29,21,0.796474
"13921",6,29,22,0.796474
"13922",6,29,23,0.796474
"13923",6,29,24,0.796474
"13924",6,29,25,0.796474
"13925",6,29,26,0.796474
"13926",6,29,27,0.796474
"13927",6,29,28,0.796474
"13928",6,29,29,0.796474
"13929",6,29,30,0.796474
"13930",6,29,31,0.796474
"13931",6,29,32,0.796474
"13932",6,29,33,0.796474
"13933",6,29,34,0.796474
"13934",6,29,35,0.796474
"13935",6,29,36,0.796474
"13936",6,29,37,0.796474
"13937",6,29,38,0.796474
"13938",6,29,39,0.796474
"13939",6,29,40,0.796474
"13940",6,29,41,0.796474
"13941",6,29,42,0.796474
"13942",6,29,43,0.796474
"13943",6,29,44,0.796474
"13944",6,29,45,0.796474
"13945",6,29,46,0.796474
"13946",6,29,47,0.796474
"13947",6,29,48,0.796474
"13948",6,29,49,0.796474
"13949",6,29,50,0.796474
"13950",6,30,1,0.796474
"13951",6,30,2,0.796474
"13952",6,30,3,0.796474
"13953",6,30,4,0.796474
"13954",6,30,5,0.796474
"13955",6,30,6,0.796474
"13956",6,30,7,0.796474
"13957",6,30,8,0.796474
"13958",6,30,9,0.796474
"13959",6,30,10,0.796474
"13960",6,30,11,0.796474
"13961",6,30,12,0.796474
"13962",6,30,13,0.796474
"13963",6,30,14,0.796474
"13964",6,30,15,0.796474
"13965",6,30,16,0.796474
"13966",6,30,17,0.796474
"13967",6,30,18,0.796474
"13968",6,30,19,0.796474
"13969",6,30,20,0.796474
"13970",6,30,21,0.796474
"13971",6,30,22,0.796474
"13972",6,30,23,0.796474
"13973",6,30,24,0.796474
"13974",6,30,25,0.796474
"13975",6,30,26,0.796474
"13976",6,30,27,0.796474
"13977",6,30,28,0.796474
"13978",6,30,29,0.796474
"13979",6,30,30,0.796474
"13980",6,30,31,0.796474
"13981",6,30,32,0.796474
"13982",6,30,33,0.796474
"13983",6,30,34,0.796474
"13984",6,30,35,0.796474
"13985",6,30,36,0.796474
"13986",6,30,37,0.796474
"13987",6,30,38,0.796474
"13988",6,30,39,0.796474
"13989",6,30,40,0.796474
"13990",6,30,41,0.796474
"13991",6,30,42,0.796474
"13992",6,30,43,0.796474
"13993",6,30,44,0.796474
"13994",6,30,45,0.796474
"13995",6,30,46,0.796474
"13996",6,30,47,0.796474
"13997",6,30,48,0.796474
"13998",6,30,49,0.796474
"13999",6,30,50,0.796474
"14000",6,31,1,0.796474
"14001",6,31,2,0.796474
"14002",6,31,3,0.796474
"14003",6,31,4,0.796474
"14004",6,31,5,0.796474
"14005",6,31,6,0.796474
"14006",6,31,7,0.796474
"14007",6,31,8,0.796474
"14008",6,31,9,0.796474
"14009",6,31,10,0.796474
"14010",6,31,11,0.796474
"14011",6,31,12,0.796474
"14012",6,31,13,0.796474
"14013",6,31,14,0.796474
"14014",6,31,15,0.796474
"14015",6,31,16,0.796474
"14016",6,31,17,0.796474
"14017",6,31,18,0.796474
"14018",6,31,19,0.796474
"14019",6,31,20,0.796474
"14020",6,31,21,0.796474
"14021",6,31,22,0.796474
"14022",6,31,23,0.796474
"14023",6,31,24,0.796474
"14024",6,31,25,0.796474
"14025",6,31,26,0.796474
"14026",6,31,27,0.796474
"14027",6,31,28,0.796474
"14028",6,31,29,0.796474
"14029",6,31,30,0.796474
"14030",6,31,31,0.796474
"14031",6,31,32,0.796474
"14032",6,31,33,0.796474
"14033",6,31,34,0.796474
"14034",6,31,35,0.796474
"14035",6,31,36,0.796474
"14036",6,31,37,0.796474
"14037",6,31,38,0.796474
"14038",6,31,39,0.796474
"14039",6,31,40,0.796474
"14040",6,31,41,0.796474
"14041",6,31,42,0.796474
"14042",6,31,43,0.796474
"14043",6,31,44,0.796474
"14044",6,31,45,0.796474
"14045",6,31,46,0.796474
"14046",6,31,47,0.796474
"14047",6,31,48,0.796474
"14048",6,31,49,0.796474
"14049",6,31,50,0.796474
"14050",6,32,1,0.796474
"14051",6,32,2,0.796474
"14052",6,32,3,0.796474
"14053",6,32,4,0.796474
"14054",6,32,5,0.796474
"14055",6,32,6,0.796474
"14056",6,32,7,0.796474
"14057",6,32,8,0.796474
"14058",6,32,9,0.796474
"14059",6,32,10,0.796474
"14060",6,32,11,0.796474
"14061",6,32,12,0.796474
"14062",6,32,13,0.796474
"14063",6,32,14,0.796474
"14064",6,32,15,0.796474
"14065",6,32,16,0.796474
"14066",6,32,17,0.796474
"14067",6,32,18,0.796474
"14068",6,32,19,0.796474
"14069",6,32,20,0.796474
"14070",6,32,21,0.796474
"14071",6,32,22,0.796474
"14072",6,32,23,0.796474
"14073",6,32,24,0.796474
"14074",6,32,25,0.796474
"14075",6,32,26,0.796474
"14076",6,32,27,0.796474
"14077",6,32,28,0.796474
"14078",6,32,29,0.796474
"14079",6,32,30,0.796474
"14080",6,32,31,0.796474
"14081",6,32,32,0.796474
"14082",6,32,33,0.796474
"14083",6,32,34,0.796474
"14084",6,32,35,0.796474
"14085",6,32,36,0.796474
"14086",6,32,37,0.796474
"14087",6,32,38,0.796474
"14088",6,32,39,0.796474
"14089",6,32,40,0.796474
"14090",6,32,41,0.796474
"14091",6,32,42,0.796474
"14092",6,32,43,0.796474
"14093",6,32,44,0.796474
"14094",6,32,45,0.796474
"14095",6,32,46,0.796474
"14096",6,32,47,0.796474
"14097",6,32,48,0.796474
"14098",6,32,49,0.796474
"14099",6,32,50,0.796474
"14100",6,33,1,0.796474
"14101",6,33,2,0.796474
"14102",6,33,3,0.796474
"14103",6,33,4,0.796474
"14104",6,33,5,0.796474
"14105",6,33,6,0.796474
"14106",6,33,7,0.796474
"14107",6,33,8,0.796474
"14108",6,33,9,0.796474
"14109",6,33,10,0.796474
"14110",6,33,11,0.796474
"14111",6,33,12,0.796474
"14112",6,33,13,0.796474
"14113",6,33,14,0.796474
"14114",6,33,15,0.796474
"14115",6,33,16,0.796474
"14116",6,33,17,0.796474
"14117",6,33,18,0.796474
"14118",6,33,19,0.796474
"14119",6,33,20,0.796474
"14120",6,33,21,0.796474
"14121",6,33,22,0.796474
"14122",6,33,23,0.796474
"14123",6,33,24,0.796474
"14124",6,33,25,0.796474
"14125",6,33,26,0.796474
"14126",6,33,27,0.796474
"14127",6,33,28,0.796474
"14128",6,33,29,0.796474
"14129",6,33,30,0.796474
"14130",6,33,31,0.796474
"14131",6,33,32,0.796474
"14132",6,33,33,0.796474
"14133",6,33,34,0.796474
"14134",6,33,35,0.796474
"14135",6,33,36,0.796474
"14136",6,33,37,0.796474
"14137",6,33,38,0.796474
"14138",6,33,39,0.796474
"14139",6,33,40,0.796474
"14140",6,33,41,0.796474
"14141",6,33,42,0.796474
"14142",6,33,43,0.796474
"14143",6,33,44,0.796474
"14144",6,33,45,0.796474
"14145",6,33,46,0.796474
"14146",6,33,47,0.796474
"14147",6,33,48,0.796474
"14148",6,33,49,0.796474
"14149",6,33,50,0.796474
"14150",6,34,1,0.796474
"14151",6,34,2,0.796474
"14152",6,34,3,0.796474
"14153",6,34,4,0.796474
"14154",6,34,5,0.796474
"14155",6,34,6,0.796474
"14156",6,34,7,0.796474
"14157",6,34,8,0.796474
"14158",6,34,9,0.796474
"14159",6,34,10,0.796474
"14160",6,34,11,0.796474
"14161",6,34,12,0.796474
"14162",6,34,13,0.796474
"14163",6,34,14,0.796474
"14164",6,34,15,0.796474
"14165",6,34,16,0.796474
"14166",6,34,17,0.796474
"14167",6,34,18,0.796474
"14168",6,34,19,0.796474
"14169",6,34,20,0.796474
"14170",6,34,21,0.796474
"14171",6,34,22,0.796474
"14172",6,34,23,0.796474
"14173",6,34,24,0.796474
"14174",6,34,25,0.796474
"14175",6,34,26,0.796474
"14176",6,34,27,0.796474
"14177",6,34,28,0.796474
"14178",6,34,29,0.796474
"14179",6,34,30,0.796474
"14180",6,34,31,0.796474
"14181",6,34,32,0.796474
"14182",6,34,33,0.796474
"14183",6,34,34,0.796474
"14184",6,34,35,0.796474
"14185",6,34,36,0.796474
"14186",6,34,37,0.796474
"14187",6,34,38,0.796474
"14188",6,34,39,0.796474
"14189",6,34,40,0.796474
"14190",6,34,41,0.796474
"14191",6,34,42,0.796474
"14192",6,34,43,0.796474
"14193",6,34,44,0.796474
"14194",6,34,45,0.796474
"14195",6,34,46,0.796474
"14196",6,34,47,0.796474
"14197",6,34,48,0.796474
"14198",6,34,49,0.796474
"14199",6,34,50,0.796474
"14200",6,35,1,0.796474
"14201",6,35,2,0.796474
"14202",6,35,3,0.796474
"14203",6,35,4,0.796474
"14204",6,35,5,0.796474
"14205",6,35,6,0.796474
"14206",6,35,7,0.796474
"14207",6,35,8,0.796474
"14208",6,35,9,0.796474
"14209",6,35,10,0.796474
"14210",6,35,11,0.796474
"14211",6,35,12,0.796474
"14212",6,35,13,0.796474
"14213",6,35,14,0.796474
"14214",6,35,15,0.796474
"14215",6,35,16,0.796474
"14216",6,35,17,0.796474
"14217",6,35,18,0.796474
"14218",6,35,19,0.796474
"14219",6,35,20,0.796474
"14220",6,35,21,0.796474
"14221",6,35,22,0.796474
"14222",6,35,23,0.796474
"14223",6,35,24,0.796474
"14224",6,35,25,0.796474
"14225",6,35,26,0.796474
"14226",6,35,27,0.796474
"14227",6,35,28,0.796474
"14228",6,35,29,0.796474
"14229",6,35,30,0.796474
"14230",6,35,31,0.796474
"14231",6,35,32,0.796474
"14232",6,35,33,0.796474
"14233",6,35,34,0.796474
"14234",6,35,35,0.796474
"14235",6,35,36,0.796474
"14236",6,35,37,0.796474
"14237",6,35,38,0.796474
"14238",6,35,39,0.796474
"14239",6,35,40,0.796474
"14240",6,35,41,0.796474
"14241",6,35,42,0.796474
"14242",6,35,43,0.796474
"14243",6,35,44,0.796474
"14244",6,35,45,0.796474
"14245",6,35,46,0.796474
"14246",6,35,47,0.796474
"14247",6,35,48,0.796474
"14248",6,35,49,0.796474
"14249",6,35,50,0.796474
"14250",6,36,1,0.796474
"14251",6,36,2,0.796474
"14252",6,36,3,0.796474
"14253",6,36,4,0.796474
"14254",6,36,5,0.796474
"14255",6,36,6,0.796474
"14256",6,36,7,0.796474
"14257",6,36,8,0.796474
"14258",6,36,9,0.796474
"14259",6,36,10,0.796474
"14260",6,36,11,0.796474
"14261",6,36,12,0.796474
"14262",6,36,13,0.796474
"14263",6,36,14,0.796474
"14264",6,36,15,0.796474
"14265",6,36,16,0.796474
"14266",6,36,17,0.796474
"14267",6,36,18,0.796474
"14268",6,36,19,0.796474
"14269",6,36,20,0.796474
"14270",6,36,21,0.796474
"14271",6,36,22,0.796474
"14272",6,36,23,0.796474
"14273",6,36,24,0.796474
"14274",6,36,25,0.796474
"14275",6,36,26,0.796474
"14276",6,36,27,0.796474
"14277",6,36,28,0.796474
"14278",6,36,29,0.796474
"14279",6,36,30,0.796474
"14280",6,36,31,0.796474
"14281",6,36,32,0.796474
"14282",6,36,33,0.796474
"14283",6,36,34,0.796474
"14284",6,36,35,0.796474
"14285",6,36,36,0.796474
"14286",6,36,37,0.796474
"14287",6,36,38,0.796474
"14288",6,36,39,0.796474
"14289",6,36,40,0.796474
"14290",6,36,41,0.796474
"14291",6,36,42,0.796474
"14292",6,36,43,0.796474
"14293",6,36,44,0.796474
"14294",6,36,45,0.796474
"14295",6,36,46,0.796474
"14296",6,36,47,0.796474
"14297",6,36,48,0.796474
"14298",6,36,49,0.796474
"14299",6,36,50,0.796474
"14300",6,37,1,0.796474
"14301",6,37,2,0.796474
"14302",6,37,3,0.796474
"14303",6,37,4,0.796474
"14304",6,37,5,0.796474
"14305",6,37,6,0.796474
"14306",6,37,7,0.796474
"14307",6,37,8,0.796474
"14308",6,37,9,0.796474
"14309",6,37,10,0.796474
"14310",6,37,11,0.796474
"14311",6,37,12,0.796474
"14312",6,37,13,0.796474
"14313",6,37,14,0.796474
"14314",6,37,15,0.796474
"14315",6,37,16,0.796474
"14316",6,37,17,0.796474
"14317",6,37,18,0.796474
"14318",6,37,19,0.796474
"14319",6,37,20,0.796474
"14320",6,37,21,0.796474
"14321",6,37,22,0.796474
"14322",6,37,23,0.796474
"14323",6,37,24,0.796474
"14324",6,37,25,0.796474
"14325",6,37,26,0.796474
"14326",6,37,27,0.796474
"14327",6,37,28,0.796474
"14328",6,37,29,0.796474
"14329",6,37,30,0.796474
"14330",6,37,31,0.796474
"14331",6,37,32,0.796474
"14332",6,37,33,0.796474
"14333",6,37,34,0.796474
"14334",6,37,35,0.796474
"14335",6,37,36,0.796474
"14336",6,37,37,0.796474
"14337",6,37,38,0.796474
"14338",6,37,39,0.796474
"14339",6,37,40,0.796474
"14340",6,37,41,0.796474
"14341",6,37,42,0.796474
"14342",6,37,43,0.796474
"14343",6,37,44,0.796474
"14344",6,37,45,0.796474
"14345",6,37,46,0.796474
"14346",6,37,47,0.796474
"14347",6,37,48,0.796474
"14348",6,37,49,0.796474
"14349",6,37,50,0.796474
"14350",6,38,1,0.796474
"14351",6,38,2,0.796474
"14352",6,38,3,0.796474
"14353",6,38,4,0.796474
"14354",6,38,5,0.796474
"14355",6,38,6,0.796474
"14356",6,38,7,0.796474
"14357",6,38,8,0.796474
"14358",6,38,9,0.796474
"14359",6,38,10,0.796474
"14360",6,38,11,0.796474
"14361",6,38,12,0.796474
"14362",6,38,13,0.796474
"14363",6,38,14,0.796474
"14364",6,38,15,0.796474
"14365",6,38,16,0.796474
"14366",6,38,17,0.796474
"14367",6,38,18,0.796474
"14368",6,38,19,0.796474
"14369",6,38,20,0.796474
"14370",6,38,21,0.796474
"14371",6,38,22,0.796474
"14372",6,38,23,0.796474
"14373",6,38,24,0.796474
"14374",6,38,25,0.796474
"14375",6,38,26,0.796474
"14376",6,38,27,0.796474
"14377",6,38,28,0.796474
"14378",6,38,29,0.796474
"14379",6,38,30,0.796474
"14380",6,38,31,0.796474
"14381",6,38,32,0.796474
"14382",6,38,33,0.796474
"14383",6,38,34,0.796474
"14384",6,38,35,0.796474
"14385",6,38,36,0.796474
"14386",6,38,37,0.796474
"14387",6,38,38,0.796474
"14388",6,38,39,0.796474
"14389",6,38,40,0.796474
"14390",6,38,41,0.796474
"14391",6,38,42,0.796474
"14392",6,38,43,0.796474
"14393",6,38,44,0.796474
"14394",6,38,45,0.796474
"14395",6,38,46,0.796474
"14396",6,38,47,0.796474
"14397",6,38,48,0.796474
"14398",6,38,49,0.796474
"14399",6,38,50,0.796474
"14400",6,39,1,0.796474
"14401",6,39,2,0.796474
"14402",6,39,3,0.796474
"14403",6,39,4,0.796474
"14404",6,39,5,0.796474
"14405",6,39,6,0.796474
"14406",6,39,7,0.796474
"14407",6,39,8,0.796474
"14408",6,39,9,0.796474
"14409",6,39,10,0.796474
"14410",6,39,11,0.796474
"14411",6,39,12,0.796474
"14412",6,39,13,0.796474
"14413",6,39,14,0.796474
"14414",6,39,15,0.796474
"14415",6,39,16,0.796474
"14416",6,39,17,0.796474
"14417",6,39,18,0.796474
"14418",6,39,19,0.796474
"14419",6,39,20,0.796474
"14420",6,39,21,0.796474
"14421",6,39,22,0.796474
"14422",6,39,23,0.796474
"14423",6,39,24,0.796474
"14424",6,39,25,0.796474
"14425",6,39,26,0.796474
"14426",6,39,27,0.796474
"14427",6,39,28,0.796474
"14428",6,39,29,0.796474
"14429",6,39,30,0.796474
"14430",6,39,31,0.796474
"14431",6,39,32,0.796474
"14432",6,39,33,0.796474
"14433",6,39,34,0.796474
"14434",6,39,35,0.796474
"14435",6,39,36,0.796474
"14436",6,39,37,0.796474
"14437",6,39,38,0.796474
"14438",6,39,39,0.796474
"14439",6,39,40,0.796474
"14440",6,39,41,0.796474
"14441",6,39,42,0.796474
"14442",6,39,43,0.796474
"14443",6,39,44,0.796474
"14444",6,39,45,0.796474
"14445",6,39,46,0.796474
"14446",6,39,47,0.796474
"14447",6,39,48,0.796474
"14448",6,39,49,0.796474
"14449",6,39,50,0.796474
"14450",6,40,1,0.796474
"14451",6,40,2,0.796474
"14452",6,40,3,0.796474
"14453",6,40,4,0.796474
"14454",6,40,5,0.796474
"14455",6,40,6,0.796474
"14456",6,40,7,0.796474
"14457",6,40,8,0.796474
"14458",6,40,9,0.796474
"14459",6,40,10,0.796474
"14460",6,40,11,0.796474
"14461",6,40,12,0.796474
"14462",6,40,13,0.796474
"14463",6,40,14,0.796474
"14464",6,40,15,0.796474
"14465",6,40,16,0.796474
"14466",6,40,17,0.796474
"14467",6,40,18,0.796474
"14468",6,40,19,0.796474
"14469",6,40,20,0.796474
"14470",6,40,21,0.796474
"14471",6,40,22,0.796474
"14472",6,40,23,0.796474
"14473",6,40,24,0.796474
"14474",6,40,25,0.796474
"14475",6,40,26,0.796474
"14476",6,40,27,0.796474
"14477",6,40,28,0.796474
"14478",6,40,29,0.796474
"14479",6,40,30,0.796474
"14480",6,40,31,0.796474
"14481",6,40,32,0.796474
"14482",6,40,33,0.796474
"14483",6,40,34,0.796474
"14484",6,40,35,0.796474
"14485",6,40,36,0.796474
"14486",6,40,37,0.796474
"14487",6,40,38,0.796474
"14488",6,40,39,0.796474
"14489",6,40,40,0.796474
"14490",6,40,41,0.796474
"14491",6,40,42,0.796474
"14492",6,40,43,0.796474
"14493",6,40,44,0.796474
"14494",6,40,45,0.796474
"14495",6,40,46,0.796474
"14496",6,40,47,0.796474
"14497",6,40,48,0.796474
"14498",6,40,49,0.796474
"14499",6,40,50,0.796474
"14500",6,41,1,0.796474
"14501",6,41,2,0.796474
"14502",6,41,3,0.796474
"14503",6,41,4,0.796474
"14504",6,41,5,0.796474
"14505",6,41,6,0.796474
"14506",6,41,7,0.796474
"14507",6,41,8,0.796474
"14508",6,41,9,0.796474
"14509",6,41,10,0.796474
"14510",6,41,11,0.796474
"14511",6,41,12,0.796474
"14512",6,41,13,0.796474
"14513",6,41,14,0.796474
"14514",6,41,15,0.796474
"14515",6,41,16,0.796474
"14516",6,41,17,0.796474
"14517",6,41,18,0.796474
"14518",6,41,19,0.796474
"14519",6,41,20,0.796474
"14520",6,41,21,0.796474
"14521",6,41,22,0.796474
"14522",6,41,23,0.796474
"14523",6,41,24,0.796474
"14524",6,41,25,0.796474
"14525",6,41,26,0.796474
"14526",6,41,27,0.796474
"14527",6,41,28,0.796474
"14528",6,41,29,0.796474
"14529",6,41,30,0.796474
"14530",6,41,31,0.796474
"14531",6,41,32,0.796474
"14532",6,41,33,0.796474
"14533",6,41,34,0.796474
"14534",6,41,35,0.796474
"14535",6,41,36,0.796474
"14536",6,41,37,0.796474
"14537",6,41,38,0.796474
"14538",6,41,39,0.796474
"14539",6,41,40,0.796474
"14540",6,41,41,0.796474
"14541",6,41,42,0.796474
"14542",6,41,43,0.796474
"14543",6,41,44,0.796474
"14544",6,41,45,0.796474
"14545",6,41,46,0.796474
"14546",6,41,47,0.796474
"14547",6,41,48,0.796474
"14548",6,41,49,0.796474
"14549",6,41,50,0.796474
"14550",6,42,1,0.796474
"14551",6,42,2,0.796474
"14552",6,42,3,0.796474
"14553",6,42,4,0.796474
"14554",6,42,5,0.796474
"14555",6,42,6,0.796474
"14556",6,42,7,0.796474
"14557",6,42,8,0.796474
"14558",6,42,9,0.796474
"14559",6,42,10,0.796474
"14560",6,42,11,0.796474
"14561",6,42,12,0.796474
"14562",6,42,13,0.796474
"14563",6,42,14,0.796474
"14564",6,42,15,0.796474
"14565",6,42,16,0.796474
"14566",6,42,17,0.796474
"14567",6,42,18,0.796474
"14568",6,42,19,0.796474
"14569",6,42,20,0.796474
"14570",6,42,21,0.796474
"14571",6,42,22,0.796474
"14572",6,42,23,0.796474
"14573",6,42,24,0.796474
"14574",6,42,25,0.796474
"14575",6,42,26,0.796474
"14576",6,42,27,0.796474
"14577",6,42,28,0.796474
"14578",6,42,29,0.796474
"14579",6,42,30,0.796474
"14580",6,42,31,0.796474
"14581",6,42,32,0.796474
"14582",6,42,33,0.796474
"14583",6,42,34,0.796474
"14584",6,42,35,0.796474
"14585",6,42,36,0.796474
"14586",6,42,37,0.796474
"14587",6,42,38,0.796474
"14588",6,42,39,0.796474
"14589",6,42,40,0.796474
"14590",6,42,41,0.796474
"14591",6,42,42,0.796474
"14592",6,42,43,0.796474
"14593",6,42,44,0.796474
"14594",6,42,45,0.796474
"14595",6,42,46,0.796474
"14596",6,42,47,0.796474
"14597",6,42,48,0.796474
"14598",6,42,49,0.796474
"14599",6,42,50,0.796474
"14600",6,43,1,0.796474
"14601",6,43,2,0.796474
"14602",6,43,3,0.796474
"14603",6,43,4,0.796474
"14604",6,43,5,0.796474
"14605",6,43,6,0.796474
"14606",6,43,7,0.796474
"14607",6,43,8,0.796474
"14608",6,43,9,0.796474
"14609",6,43,10,0.796474
"14610",6,43,11,0.796474
"14611",6,43,12,0.796474
"14612",6,43,13,0.796474
"14613",6,43,14,0.796474
"14614",6,43,15,0.796474
"14615",6,43,16,0.796474
"14616",6,43,17,0.796474
"14617",6,43,18,0.796474
"14618",6,43,19,0.796474
"14619",6,43,20,0.796474
"14620",6,43,21,0.796474
"14621",6,43,22,0.796474
"14622",6,43,23,0.796474
"14623",6,43,24,0.796474
"14624",6,43,25,0.796474
"14625",6,43,26,0.796474
"14626",6,43,27,0.796474
"14627",6,43,28,0.796474
"14628",6,43,29,0.796474
"14629",6,43,30,0.796474
"14630",6,43,31,0.796474
"14631",6,43,32,0.796474
"14632",6,43,33,0.796474
"14633",6,43,34,0.796474
"14634",6,43,35,0.796474
"14635",6,43,36,0.796474
"14636",6,43,37,0.796474
"14637",6,43,38,0.796474
"14638",6,43,39,0.796474
"14639",6,43,40,0.796474
"14640",6,43,41,0.796474
"14641",6,43,42,0.796474
"14642",6,43,43,0.796474
"14643",6,43,44,0.796474
"14644",6,43,45,0.796474
"14645",6,43,46,0.796474
"14646",6,43,47,0.796474
"14647",6,43,48,0.796474
"14648",6,43,49,0.796474
"14649",6,43,50,0.796474
"14650",6,44,1,0.796474
"14651",6,44,2,0.796474
"14652",6,44,3,0.796474
"14653",6,44,4,0.796474
"14654",6,44,5,0.796474
"14655",6,44,6,0.796474
"14656",6,44,7,0.796474
"14657",6,44,8,0.796474
"14658",6,44,9,0.796474
"14659",6,44,10,0.796474
"14660",6,44,11,0.796474
"14661",6,44,12,0.796474
"14662",6,44,13,0.796474
"14663",6,44,14,0.796474
"14664",6,44,15,0.796474
"14665",6,44,16,0.796474
"14666",6,44,17,0.796474
"14667",6,44,18,0.796474
"14668",6,44,19,0.796474
"14669",6,44,20,0.796474
"14670",6,44,21,0.796474
"14671",6,44,22,0.796474
"14672",6,44,23,0.796474
"14673",6,44,24,0.796474
"14674",6,44,25,0.796474
"14675",6,44,26,0.796474
"14676",6,44,27,0.796474
"14677",6,44,28,0.796474
"14678",6,44,29,0.796474
"14679",6,44,30,0.796474
"14680",6,44,31,0.796474
"14681",6,44,32,0.796474
"14682",6,44,33,0.796474
"14683",6,44,34,0.796474
"14684",6,44,35,0.796474
"14685",6,44,36,0.796474
"14686",6,44,37,0.796474
"14687",6,44,38,0.796474
"14688",6,44,39,0.796474
"14689",6,44,40,0.796474
"14690",6,44,41,0.796474
"14691",6,44,42,0.796474
"14692",6,44,43,0.796474
"14693",6,44,44,0.796474
"14694",6,44,45,0.796474
"14695",6,44,46,0.796474
"14696",6,44,47,0.796474
"14697",6,44,48,0.796474
"14698",6,44,49,0.796474
"14699",6,44,50,0.796474
"14700",6,45,1,0.796474
"14701",6,45,2,0.796474
"14702",6,45,3,0.796474
"14703",6,45,4,0.796474
"14704",6,45,5,0.796474
"14705",6,45,6,0.796474
"14706",6,45,7,0.796474
"14707",6,45,8,0.796474
"14708",6,45,9,0.796474
"14709",6,45,10,0.796474
"14710",6,45,11,0.796474
"14711",6,45,12,0.796474
"14712",6,45,13,0.796474
"14713",6,45,14,0.796474
"14714",6,45,15,0.796474
"14715",6,45,16,0.796474
"14716",6,45,17,0.796474
"14717",6,45,18,0.796474
"14718",6,45,19,0.796474
"14719",6,45,20,0.796474
"14720",6,45,21,0.796474
"14721",6,45,22,0.796474
"14722",6,45,23,0.796474
"14723",6,45,24,0.796474
"14724",6,45,25,0.796474
"14725",6,45,26,0.796474
"14726",6,45,27,0.796474
"14727",6,45,28,0.796474
"14728",6,45,29,0.796474
"14729",6,45,30,0.796474
"14730",6,45,31,0.796474
"14731",6,45,32,0.796474
"14732",6,45,33,0.796474
"14733",6,45,34,0.796474
"14734",6,45,35,0.796474
"14735",6,45,36,0.796474
"14736",6,45,37,0.796474
"14737",6,45,38,0.796474
"14738",6,45,39,0.796474
"14739",6,45,40,0.796474
"14740",6,45,41,0.796474
"14741",6,45,42,0.796474
"14742",6,45,43,0.796474
"14743",6,45,44,0.796474
"14744",6,45,45,0.796474
"14745",6,45,46,0.796474
"14746",6,45,47,0.796474
"14747",6,45,48,0.796474
"14748",6,45,49,0.796474
"14749",6,45,50,0.796474
"14750",6,46,1,0.796474
"14751",6,46,2,0.796474
"14752",6,46,3,0.796474
"14753",6,46,4,0.796474
"14754",6,46,5,0.796474
"14755",6,46,6,0.796474
"14756",6,46,7,0.796474
"14757",6,46,8,0.796474
"14758",6,46,9,0.796474
"14759",6,46,10,0.796474
"14760",6,46,11,0.796474
"14761",6,46,12,0.796474
"14762",6,46,13,0.796474
"14763",6,46,14,0.796474
"14764",6,46,15,0.796474
"14765",6,46,16,0.796474
"14766",6,46,17,0.796474
"14767",6,46,18,0.796474
"14768",6,46,19,0.796474
"14769",6,46,20,0.796474
"14770",6,46,21,0.796474
"14771",6,46,22,0.796474
"14772",6,46,23,0.796474
"14773",6,46,24,0.796474
"14774",6,46,25,0.796474
"14775",6,46,26,0.796474
"14776",6,46,27,0.796474
"14777",6,46,28,0.796474
"14778",6,46,29,0.796474
"14779",6,46,30,0.796474
"14780",6,46,31,0.796474
"14781",6,46,32,0.796474
"14782",6,46,33,0.796474
"14783",6,46,34,0.796474
"14784",6,46,35,0.796474
"14785",6,46,36,0.796474
"14786",6,46,37,0.796474
"14787",6,46,38,0.796474
"14788",6,46,39,0.796474
"14789",6,46,40,0.796474
"14790",6,46,41,0.796474
"14791",6,46,42,0.796474
"14792",6,46,43,0.796474
"14793",6,46,44,0.796474
"14794",6,46,45,0.796474
"14795",6,46,46,0.796474
"14796",6,46,47,0.796474
"14797",6,46,48,0.796474
"14798",6,46,49,0.796474
"14799",6,46,50,0.796474
"14800",6,47,1,0.796474
"14801",6,47,2,0.796474
"14802",6,47,3,0.796474
"14803",6,47,4,0.796474
"14804",6,47,5,0.796474
"14805",6,47,6,0.796474
"14806",6,47,7,0.796474
"14807",6,47,8,0.796474
"14808",6,47,9,0.796474
"14809",6,47,10,0.796474
"14810",6,47,11,0.796474
"14811",6,47,12,0.796474
"14812",6,47,13,0.796474
"14813",6,47,14,0.796474
"14814",6,47,15,0.796474
"14815",6,47,16,0.796474
"14816",6,47,17,0.796474
"14817",6,47,18,0.796474
"14818",6,47,19,0.796474
"14819",6,47,20,0.796474
"14820",6,47,21,0.796474
"14821",6,47,22,0.796474
"14822",6,47,23,0.796474
"14823",6,47,24,0.796474
"14824",6,47,25,0.796474
"14825",6,47,26,0.796474
"14826",6,47,27,0.796474
"14827",6,47,28,0.796474
"14828",6,47,29,0.796474
"14829",6,47,30,0.796474
"14830",6,47,31,0.796474
"14831",6,47,32,0.796474
"14832",6,47,33,0.796474
"14833",6,47,34,0.796474
"14834",6,47,35,0.796474
"14835",6,47,36,0.796474
"14836",6,47,37,0.796474
"14837",6,47,38,0.796474
"14838",6,47,39,0.796474
"14839",6,47,40,0.796474
"14840",6,47,41,0.796474
"14841",6,47,42,0.796474
"14842",6,47,43,0.796474
"14843",6,47,44,0.796474
"14844",6,47,45,0.796474
"14845",6,47,46,0.796474
"14846",6,47,47,0.796474
"14847",6,47,48,0.796474
"14848",6,47,49,0.796474
"14849",6,47,50,0.796474
"14850",6,48,1,0.796474
"14851",6,48,2,0.796474
"14852",6,48,3,0.796474
"14853",6,48,4,0.796474
"14854",6,48,5,0.796474
"14855",6,48,6,0.796474
"14856",6,48,7,0.796474
"14857",6,48,8,0.796474
"14858",6,48,9,0.796474
"14859",6,48,10,0.796474
"14860",6,48,11,0.796474
"14861",6,48,12,0.796474
"14862",6,48,13,0.796474
"14863",6,48,14,0.796474
"14864",6,48,15,0.796474
"14865",6,48,16,0.796474
"14866",6,48,17,0.796474
"14867",6,48,18,0.796474
"14868",6,48,19,0.796474
"14869",6,48,20,0.796474
"14870",6,48,21,0.796474
"14871",6,48,22,0.796474
"14872",6,48,23,0.796474
"14873",6,48,24,0.796474
"14874",6,48,25,0.796474
"14875",6,48,26,0.796474
"14876",6,48,27,0.796474
"14877",6,48,28,0.796474
"14878",6,48,29,0.796474
"14879",6,48,30,0.796474
"14880",6,48,31,0.796474
"14881",6,48,32,0.796474
"14882",6,48,33,0.796474
"14883",6,48,34,0.796474
"14884",6,48,35,0.796474
"14885",6,48,36,0.796474
"14886",6,48,37,0.796474
"14887",6,48,38,0.796474
"14888",6,48,39,0.796474
"14889",6,48,40,0.796474
"14890",6,48,41,0.796474
"14891",6,48,42,0.796474
"14892",6,48,43,0.796474
"14893",6,48,44,0.796474
"14894",6,48,45,0.796474
"14895",6,48,46,0.796474
"14896",6,48,47,0.796474
"14897",6,48,48,0.796474
"14898",6,48,49,0.796474
"14899",6,48,50,0.796474
"14900",6,49,1,0.796474
"14901",6,49,2,0.796474
"14902",6,49,3,0.796474
"14903",6,49,4,0.796474
"14904",6,49,5,0.796474
"14905",6,49,6,0.796474
"14906",6,49,7,0.796474
"14907",6,49,8,0.796474
"14908",6,49,9,0.796474
"14909",6,49,10,0.796474
"14910",6,49,11,0.796474
"14911",6,49,12,0.796474
"14912",6,49,13,0.796474
"14913",6,49,14,0.796474
"14914",6,49,15,0.796474
"14915",6,49,16,0.796474
"14916",6,49,17,0.796474
"14917",6,49,18,0.796474
"14918",6,49,19,0.796474
"14919",6,49,20,0.796474
"14920",6,49,21,0.796474
"14921",6,49,22,0.796474
"14922",6,49,23,0.796474
"14923",6,49,24,0.796474
"14924",6,49,25,0.796474
"14925",6,49,26,0.796474
"14926",6,49,27,0.796474
"14927",6,49,28,0.796474
"14928",6,49,29,0.796474
"14929",6,49,30,0.796474
"14930",6,49,31,0.796474
"14931",6,49,32,0.796474
"14932",6,49,33,0.796474
"14933",6,49,34,0.796474
"14934",6,49,35,0.796474
"14935",6,49,36,0.796474
"14936",6,49,37,0.796474
"14937",6,49,38,0.796474
"14938",6,49,39,0.796474
"14939",6,49,40,0.796474
"14940",6,49,41,0.796474
"14941",6,49,42,0.796474
"14942",6,49,43,0.796474
"14943",6,49,44,0.796474
"14944",6,49,45,0.796474
"14945",6,49,46,0.796474
"14946",6,49,47,0.796474
"14947",6,49,48,0.796474
"14948",6,49,49,0.796474
"14949",6,49,50,0.796474
"14950",6,50,1,0.796474
"14951",6,50,2,0.796474
"14952",6,50,3,0.796474
"14953",6,50,4,0.796474
"14954",6,50,5,0.796474
"14955",6,50,6,0.796474
"14956",6,50,7,0.796474
"14957",6,50,8,0.796474
"14958",6,50,9,0.796474
"14959",6,50,10,0.796474
"14960",6,50,11,0.796474
"14961",6,50,12,0.796474
"14962",6,50,13,0.796474
"14963",6,50,14,0.796474
"14964",6,50,15,0.796474
"14965",6,50,16,0.796474
"14966",6,50,17,0.796474
"14967",6,50,18,0.796474
"14968",6,50,19,0.796474
"14969",6,50,20,0.796474
"14970",6,50,21,0.796474
"14971",6,50,22,0.796474
"14972",6,50,23,0.796474
"14973",6,50,24,0.796474
"14974",6,50,25,0.796474
"14975",6,50,26,0.796474
"14976",6,50,27,0.796474
"14977",6,50,28,0.796474
"14978",6,50,29,0.796474
"14979",6,50,30,0.796474
"14980",6,50,31,0.796474
"14981",6,50,32,0.796474
"14982",6,50,33,0.796474
"14983",6,50,34,0.796474
"14984",6,50,35,0.796474
"14985",6,50,36,0.796474
"14986",6,50,37,0.796474
"14987",6,50,38,0.796474
"14988",6,50,39,0.796474
"14989",6,50,40,0.796474
"14990",6,50,41,0.796474
"14991",6,50,42,0.796474
"14992",6,50,43,0.796474
"14993",6,50,44,0.796474
"14994",6,50,45,0.796474
"14995",6,50,46,0.796474
"14996",6,50,47,0.796474
"14997",6,50,48,0.796474
"14998",6,50,49,0.796474
"14999",6,50,50,0.796474
